"store_type","total_revenue","revenue_percentage","order_count"
"Local",4191902.0199995264,65.0096368183402,"77625"
"Mall Kiosk",704362.4400000112,10.923524976112358,"13027"
"Outlet",507724.0900000036,7.873981437864389,"9139"
"Super Store",1043067.7199999942,16.17629737780499,"19095"
"Web Portal",1067.77,0.016559389884195565,"43"
